CharacterKey,Alias
GhostSpider,ghostspider, gs, ghosts, ghost spider
ScarletSpider,scarletspider, scarlets, scarlet spider
SpiderPunk,spiderpunk, punk, spiderp, spider punk
Magik,magik, mag
Coulson,agent coulson, coulson, agent, agent c, acoulson, agc, aco, coul, cou, phil, phil coulson, agentcoulson, son of coul
AdamWarlock,adamwarlock, adam warlock, adam, warlock, aw, him, magus
AimDmg_Speed,a.i.m. assaulter, aim assaulter, assaulter, a assaulter, aimassaulter, aim assault, aimass, aim ass, aimdmg_speed, aa, aima, aass, a.i.m.assaulter, aimassault
AimControl_Infect,a.i.m. infector, aim infector, infector, ai, aiminfector, infect, infecto, aim infecto, aimi, inf, aiminf, a infector, aimcontrol_infect, aim inf, aim infestor, aim infest, infest, infestor, a.i.m.infector
AimDmg_Offense,a.i.m. monstrosity, monstrosity, aim monstrosity, aimm, monster, monst, amonstrosity, amonst, aimdmg_offense, amo, monstr, mons, mons, a.i.m.monstrosity
AimSupport_Heal,a.i.m. researcher, aim researcher, researcher, aimresearcher, aim research, research, ar, aimr, aimres, aimsupport_heal, a.i.m.researcher
AimTank_Taunt,a.i.m. security, aim security, as, aimsec, a sec, asec, a security, aimsecurity, asecurity, aimtank_taunt, security, sec, aim sec, aims, a.i.m.security
AmericaChavez,america chavez, americachavez, america, ac, chavez
AntiVenom,anti, av, antivenom, anti-venom, anti venom, aven
AntMan,ant-man, antman, ant man, ant, am
Beast,beast, bst, hank
Bishop,bishop, bish, lucas, lucas bishop
BlackBolt,black bolt, blackbolt, bb, blackb, bbolt, bolt
BlackPanther,blackpanther, bp, black panther, panther, blackp
BlackWidow,black widow, widow, bw, blackw, natasha, nat, blackwidow
Blob,blob, bl, blo
Bullseye,bullseye, be, bull, bulls
Cable,cable, cab
CaptainAmerica,captain america, cap america, cap, ca, captain, cap murica, capa, cap a, steve, captainamerica
CaptainMarvel,captain marvel, cm, captainmarvel, capmarvel, cap marvel, cm, cap m, capm, marvel, carol, cd
Carnage,carnage, carn, car
Colossus,colossus, col, colos
ColleenWing,colleenwing, colleen, coleen, cw, wing
CorvusGlaive,corvus glaive, corvusglaive, corvus, glaive, cg, corv, glai, cor, corvos, glai, glayve, corvusg, cog, cglaive, corgusg
Cloak,cloak, demon of darkness, tyrone johnson, tyrone, johnson
Crossbones,crossbones, xbones, xb, cb, crossbone, xbone, cbone, cbones, crossb
Crystal,crystal, krystal, crys, cryst, cristal, kristal
CullObsidian,cull obsidian, cull, co, obsidian, cullo, cullobsidian, cool, cu, cul, obs, obsid, obsi, obsidi
Cyclops,cyclops, cyc, cycl, cyclop, syke, cyke, scott
Daredevil,daredevil, dd, dared, devil, dare, ddevil
Dagger,dagger, lady light, tandy bowen, tandy, bowen
DarkPhoenix,dark phoenix, darkphoenix, darkp, dphoenix, d p, dph, dpho, d phoenix, dpheonix, darkpheonix, dark pheonix, dphx, d phx, dark phx
Deadpool,deadpool, dp, deadp, dpool, pool, merc with a mouth, wade, wade wilson
Deathpool,deathpool, death, mortem, dhp
DoctorOctopus,doctoroctopus, doctor octopus, docock, doc ock, ock, dococ, dr oct, doc-oc, octo
DoctorStrange,doctor strange, dr strange, strange, doctor, dr, ds, dr. strange, doc, doc strange, doctorstrange, drstrange
Domino,dom, domino
Doom,dr doom, ddoom, doom, dr. doom, drdoom
Dormammu,dormammu, dor, dorm, dormie, mormammu, the dread one, dormy, doormat, daddy dormy, dormouse, doorman, flyx
Drax,drax, dra, drx
EbonyMaw,ebony maw, ebonymaw, ebony, maw, emaw, em, ebm, the maw
Electro,electro, francine frye
Elektra,elektra, elek, ele, el, electra, elec, elecktra
ElsaBloodstone,elsa bloodstone, elsa, eb, bloodstone, blood, elsabloodstone
EmmaFrost,emma frost, emma, frost, ef
Thanos,thanos, than, tha, thanatos
Falcon,falcon, fal, falc
Gamora,gamora, gam, gams, gamms, gamo, gamor
Ghost,ghost, ghos, gst
GhostRider,ghost rider, ghostrider, rider, gr, ghr
Graviton,graviton, grav, gravi, gravitron, groovytron, groovitron, grooviton, groove, groovy, groovyton, gravy
UltGreenGoblin,green goblin, greengoblin, gg, goblin, greeng, green, greengob, gob, ultgreengoblin
Groot,groot, groo, i am groot, tree
HandDmg_Unbuff,hand archer, archer, harcher, handarcher, handdmg_unbuff, har
HandControl_HealBlock,hand assassin, hass, has, hassassin, assassin, handass, hand ass, h ass, handcontrol_healblock, handassassin
HandDmg_Bonus,hand blademaster, blademaster, handblademaster, hb, hbm, bladem, handblade, hblade, handdmg_bonus
HandTank_Stealth,hand sentry, sentry, hs, hands, hsentry, handsentry, handsent, handsen, sent, sentr, handtank_stealth
HandSupport_Heal,hand sorceress, hand sorc, sorc, sorceress, sorce, sorcere, haso, hso, handsupport_heal, hsorc, handsorceress, handsorc
Hawkeye,hawkeye, he, hawk, hawki, clint, barton
Heimdall,heimdall, heimdal, heim, heimd
Hela,hela, hel, hella
Hulk,hulk, hul
HumanTorch,human torch, torch, ht, johnny, johnny storm, huto, humantorch
HydraTank_Taunt,hydra armored guard, hag, hydraarmoredguard, armored guard, guard, armored, hydra guard, hydra ag, hydratank_taunt, h ag, armoredguard
HydraDmg_AoE,hydra grenadier, hg, hyg, hygr, gren, grenadier, grenade, hydradmg_aoe, hydragrenadier
HydraDmg_Buff,hydra rifle trooper, hrt, rt, hydra trooper, htrooper, rifle trooper, hydradmg_buff, hydrarifletrooper
HydraSupport_Heal,hydra scientist, hsc, hydsc, h scientist, h sc, hydrasupport_heal, hydrascientist, hsci, hysci, hysc
HydraDmg_Single,hydra sniper, hsniper, h sniper, hy sniper, hyd sniper, hsn, hysn, hydradmg_single, hydrasniper
Iceman,iceman, ice, icm, drake, frosty, bobby
Ikaris,ikaris, ika, ike, ike harris, prime eternal
InvisibleWoman,invisible woman, iw, invisiblewoman, sue, invisible, iwoman, invisiblew, invis, invisib, susan, woman
IronFist,iron fist, if, ironf, iron f, ironfist, ifist, fist
Ironheart,ironheart, ih, riri, ironh, iheart, iron heart
IronMan,iron man, ironman, im, ironm, iman, stark, tony
JessicaJones,jessica jones, jj, jessica, jessicajones, jones, jess, jessicaj
Jubilee,jubilee, jub, jubs, jubes, jubilation, lee, wondra, firecracker
Juggernaut,juggernaut, jug, jugg, juggs, jugs, jugger, jugernaut, juggernnaut
Karnak,karnak, kar, karn, karna, carnak, carnac, karnac
Sybil,kestrel, sybil, kes, kest, k$
Killmonger,killmonger, km, killm, kill, monger, killmong
Kingpin,kingpin, kp, kingp, kpin, fisk, wilson fisk
KittyPryde,kittypryde, kitty pryde, kpryde, kitty pride, kittypride, kitypryde, pryde, kate
Korath,korath, korath the pursuer, kor, ktp, koraththepursuer, kora, korat
KreeDmg_Offense,kree cyborg, cyborg, kc, kreec, kcyborg, kreecyborg, kreedmg_offense
KreeControl_Assist,kree noble, noble, knoble, kn, kreen, kreenoble, nobl, kreecontrol_assist
KreeSupport_HoT,kree oracle, oracle, k oracle, kreeo, koracle, ko, kreesupport_hot, kreeoracle
KreeDmg_Speed,kree reaper, reaper, kreaper, kreeper, creeper, kreeaper, kr, reap, kreedmg_speed, kreereaper
KreeTank_Counter,kree royal guard, krg, royal guard, royalguard, kreeroyalguard, k royal guard, kree guard, kreetank_counter, royal
LadyDeathstrike,ladydeathstrike, lady deathstrike, lady, deathstrike, ld, lds, yuriko oyama, yuriko, oyama, strikes, lady dee
Loki,loki, lok
LokiMinion,lokim, lokmin, loki minion, lm
Longshot,longshot, long, ls
LukeCage,luke cage, lukecage, lc, cage, lukec, luke
MBaku,m'baku, mbaku, baku, mba, m baku, mb, bak, mbak
Magneto,magneto, mag, mags, magenta, mageto, magn, magnet
MariaHill,maria hill, maria, hill, mh
Mantis,mantis, mant
MercTank_Taunt,mercenary bodyguard, mbg, merc bodyguard, bodyguard, merc bg, kp summon, merctank_taunt, mercenarybodyguard
MercSupport_Buffs,mercenary lieutenant, merc lieutenant, mlt, lieutenant, merc lt, merclt, ml, mercsupport_buffs, lt, mercenarylieutenant
MercTank_Debuff,mercenary riot guard, riot guard, mrg, merc riot guard, merc rg, merc guard, m riot guard, merctank_debuff, mercenaryriotguard, riot
MercDmg_Single,mercenary sniper, merc sniper, msn, msniper, mercsn, m sniper, mercdmg_single, sniper, mercsniper, mercenarysniper
MercDmg_General,mercenary soldier, merc soldier, mso, soldier, mercsoldier, mercenarysoldier, msoldier, m soldier, mercdmg_general
Minerva,minn-erva, minn, minnerva, minerva, me, min, merva, minnie, minny
BaronMordo,mordo, baron mordo, baronmordo, mor, mord, baron, bm
MistyKnight,mistyknight, misty, mik, knight
Moondragon,moondragon, heather douglas, heather, md, baldy
MoonKnight,moonknight, mk, moon, marc spector, marc, spector
MrFantastic,mister fantastic, fantastic, mrf, mr, mister, mf, reed, misterfantastic, fan, mfan, mrfan, mr fantastic, mr. fantastic, mr. fan, mr.fantastic
MrSinister,mr. sinister, mr sinister, mrs, mr.s, mister sinister, sinister, msin, mrsin, mr s, mr. s, sin, sinis, mistersinister, mrsinister
MsMarvel,ms. marvel, ms marvel, mm, msm, ms. m, kk, mmarvel, miss marvel, missmarvel, kamala, khan, kamala khan, ms, msmarvel, ms.m, ms.marvel
MultipleMan,multipleman, multiple, mum, multi, jamie madrox, jamie, madrox
Mysterio,mysterio, myste, myster, misterio
MysterioMinion,mysterio minion, mystmin, mmin
Mystique,mystique, mysti, mystiq, mystik, mystike, mistique
Namor,namor, nam, namo
Nebula,nebula, nebs, neb, nebbs, nebu, nebul
Negasonic,nega, warhead, teenage, ntw
NickFury,nick fury, nickfury, fury, nf, nfury, nick, nickf, furry
S_ShieldTank_Stun,fury tank
S_ShieldSupport_Stealth,fury op
NightNurse,night nurse, nn, nurse, nnurse, nightn, night, night n, nightnurse
Nobu,nobu, kagenobu
S_HandDmg_Bonus,nobu blade
S_HandDmg_Unbuff,nobu archer
Okoye,okoye, oko, okoy, koye, ok
OmegaRed,omegared, omega red, omega, red death, arkady rossovich, arkady, rossovich
Phoenix,phoenix, pho, phoe, phoen, phonix, phenix, ph, jean, jean grey, jeangrey, pheonix, phx
PhylaVell,phylavell, phyla-vell, phyla, vell, phy, pv, martyr
ProximaMidnight,proxima midnight, proximamidnight, pm, proxima, midnight, prox, proxy, pmidnight, proximam, pro
Psylocke,psylocke, psy, psylock, psylok, psyloc, psyl, psylo, ps
Polaris,polaris, pol, lorna dane, lorna, dane
Punisher,punisher, pun, punish
Pyro,pyro, pyr, pyo, py
Quake,quake, q, qu, qua, quak
RavagerDmg_AoE,ravager boomer, boomer, boom, rbo, ravboomer, rav boomer, ravagerdmg_aoe, ravagerboomer, ok boomer, okboomer
RavagerTank_Taunt,ravager bruiser, bruiser, rav bruiser, ravbr, rbr, bruise, bruis, brui, ravagertank_taunt, ravagerbruiser
RavagerSupport_Heal,ravager stitcher, stitcher, ravagerstitcher, rav stitcher, r stitcher, rstitcher, stitch, ravager stitch, ravagersupport_heal
S_RavagerDmg_AoE,y boom
S_RavagerSupport_Heal,y stitch
RedSkull,red skull, skull, reds, redskull, red s, r skull, redsk, rs
RedGuardian,red guardian, rg, red guard, redguard
S_HydraDmg_Buff,red rifle
S_HydraDmg_Single,red trooper
S_HydraSupport_Heal,red heal
Rescue,rescue, resc, res, pep, pepp, pepper
Rhino,rhino, rhyno, rhi, rhin
RocketRaccoon,rocket raccoon, rocket, rocketraccoon, rr, rabbit
Ronan,ronan the accuser, ronan, rta, accuser, ron, rona, ronn, ronantheaccuser
S_KreeControl_Assist,ronan noble
S_KreeDmg_Speed,ronan reaper
Sabretooth,sabretooth, sabertooth, sabre, saber, stooth, sabret, st
SamWilson,sam wilson, sam, wilson, captain falcon, captain sam
ScarletWitch,scarlet witch, switch, sw, witch, scarlet, scarletwitch, scarletw, wanda
ScientistSupreme,scientist supreme, scientistsupreme, scs, scis, scisup, ssup, scsup, scientist, supreme, ssu, ss
Scream,scr, scre, screa, scream, donna, donna diego
Sersi,sersi, ser, mesmer, serse, circe
ShangChi,shangchi, shang-chi, shang chi, shang, chi
SharonCarter,sharon carter, sharon, carter, sc, agent 13, shary
Shatterstar,shatterstar, shat, shatter, sstar, benji
SheHulk,sh, shulk, sheh, shehulk, she-hulk, jennifer
ShieldDmg_AoE,s.h.i.e.l.d. assault, shield assault, assault, shield assaulter, s assault, shield ass, sass, shielddmg_aoe, sa, s.h.i.e.l.d.assault
ShieldSupport_Heal,s.h.i.e.l.d. medic, shield medic, shieldmedic, s medic, medic, shield m, shieldm, med, smed, smedic, shieldsupport_heal, s.h.i.e.l.d.medic
ShieldSupport_Stealth,s.h.i.e.l.d. operative, shield operative, operative, op, sop, shield op, shieldop, shop, shieldsupport_stealth, s.h.i.e.l.d.operative
ShieldTank_Stun,s.h.i.e.l.d. security, shield security, shieldtank_stun, shieldsecurity, non-lethal, nonlethal, non lethal, shield sec, ssec, ssecurity, ssecurity, s.h.i.e.l.d.security
ShieldDmg_Defense,s.h.i.e.l.d. trooper, shield trooper, trooper, s trooper, strooper, troop, shieldt, sht, shielddmg_defense, s.h.i.e.l.d.trooper
Shocker,shocker, shock, sho, shoc, herman
Shuri,shuri, shu, shur, disney princess, actual disney princess, disneyprincess, actualdisneyprincess
Sif,sif, lady sif
SilverSamurai,silversamurai, silver samurai, sisa, kenichiro harada, kenichiro, harada, ken, kenny
SilverSurfer,silversurfer, silver surfer, silver, surfer, sis, sisu, $$, norrin radd, norrin, ags
SpiderMan,spider-man, spiderman, spider man, sm, spider, spooder, spiderm, sman, spidey
UltSpiderMan,spider-man (miles), miles, milesmorales, miles morales, ultimate spider-man, ultimate spiderman, ultimatespider-man, ultimatespider man, ultspider, smiles, smmiles, sm miles, sm (miles), smm, mil, usm, ultspiderman, ultimate spidey, ult spidey, spider miles, spiderman miles, spiderman (miles), spidermiles, spider-man(miles)
SquirrelGirl,squirrel girl, squirrel, sg, doreen
StarLord,star-lord, starlord, starl, slord, sl, star, lord, star lord, quill
Stature,stat, statu, statur, stature
Storm,storm, stor, torm, sto, ororo
Stryfe,stryfe, str, stry, stryf, strife
SymbioteSpiderMan,spider-man (symbiote), spider-man(symbiote), symbiotespiderman, sym spiderman, sym spider-man, sym spider, symspider, symspiderman, ssm, symsm, syms, sysm, sys, symbiote spider-man, symbiote spiderman, sm (symbiote), spiderman (symbiote), sym s, sym sm, symb sm, symb spider, symbspider, symbsm, spider-man symbiote, spiderman symbiote, sspider, s spider, sspiderman, s spiderman, s spider-man
Swarm,swarm, fritz, fritz von meyer, meyer
Taskmaster,taskmaster, task, taskm, taskmanager, task manager, tm, tmaster, task master
TChalla,tchalla, challa, slt
Toad,toad, todd, toa, tod
EmpoweredGamora,empowered gamora, empoweredgamora, eg, gamoraempowered, gamora empowered, gamora e, gamorae, ge, egamora, gamora emp, gempowered, gemp
EmpoweredThanos,empowered thanos, empoweredthanos, et, thanosempowered, thanos empowered, thanos e, thanose, te, et, ethanos, e thanos, empowered, thanos emp, emp, temp, emp thanos, emp t, stoned thanos, stonedthanos, empthanos
Thing,the thing, thing, thething, thin, ben, tt, thi, the
Thor,thor, tho, thr, thunder
Ultimus,ultimus, ulti, ultim
Ultron,ultron, ul, u, ult, ultr, ultro, toaster
UltronDmg_Speed,ultron accelerator, accelerator, u accelerator, ultron accel, u accel, speedbot, botspeed, turnbot, turnmeterbot, botturn, botturnmeter, ultrondmg_speed, ult accelerator, ultronaccelerator, redbot, redbot1
UltronSupport_Heal,ultron fabricator, fabricator, ultron fab, ultron fabric, greenbot, ultrongreen, botgreen, healbot, botheal, regenbot, botregen, u fabricator, ultronsupport_heal, ult fabricator, ultronfabricator
UltronDmg_Defense,ultron fortifier, ultrondmg_defense, ultronfortifier, defbot, defupbot, fortifier, bluebot, bluebot1, u fortifier, ufortifier
UltronDmg_Offense,ultron incinerator, incinerator, u incinerator, ult incinerator, ultron incin, damagebot, botdamage, offupbot, botoffup, botoffense, offensebot, ultrondmg_offense, offbot, botoff, offenseupbot, botoffenseup, ultronincinerator, redbot2
UltronTank_Taunt,ultron reinforcer, ultronreinforcer, reinforcer, bluebot2, tankbot, bottank, ultron tank, ultrontank, ultrontank_taunt, tauntbot
Greg,greg, undead asgardian, undead, unas, ua, undeadasgardian
Venom,venom, ve, ven, veno
Vision,vision, vis, vi, visi, visio, vison, viz
Vulture,vulture, vul, vult, vultur, vol
WarMachine,war machine, warmachine, wm, warm, wmachine, war, machine
Wasp,wasp, was, wap, wsp, janet, waspman
WhiteTiger,whitetiger, wt, angela
WinterSoldier,winter soldier, ws, wintersoldier, winter, bucky, winters, bucky barnes, barnes, wsoldier, wint, win
Wolverine,wolverine, wolv, wolver, wol, wolvie, logan
X23,x23, laura
Yelena,yelena, yelenabelova, yelena belova, yb, russkiya
Yellowjacket,yell, yellow, yj, yellowjaket, yellowjacket
Yondu,yondu, yon, yond
Zemo,zemo, baron zemo, bz, ze
YoYo,yoyo, yy, yo-yo, yoy, yo
